{
    "increase_to_2050": {
        "AT": 0.33670503572915517,
        "BE": 0.32719974255868234,
        "BG": 0.5203136631422639,
        "CY": 0.04017726363682563,
        "CZ": 0.02984131168330145,
        "DE": 0.13408273846601126,
        "DK": 0.029463990948111623,
        "EE": 0.4227453410357978,
        "EL": 0.12018620193602346,
        "ES": 0.005,
        "FI": 1,
        "FR": 0.03115466211006359,
        "HR": 0.3214726203490014,
        "HU": 0.27240636628855724,
        "IE": 0.010258186751664176,
        "IT": 0.005,
        "LT": 0.31692480938585166,
        "LU": 0.32757231425546596,
        "LV": 0.4090780535495869,
        "MT": 1,
        "NL": 0.10136657314988538,
        "PL": 0.5142920584379361,
        "PT": 0.20981300798874433,
        "RO": 0.810821617500406,
        "SE": 0.005,
        "SI": 0.16923975849875653,
        "SK": 0.22687605143715942
    }
}